<?xml version='1.0' encoding='utf-8' standalone='yes' ?>
<map>
    <string name="conversation_style_attach">0</string>
    <int name="ModChaSendBKColor" value="-5658199" />
    <int name="bubblenewtext" value="-16053493" />
    <int name="quoted_text_picker" value="-10000537" />
    <int name="tittle_size" value="20" />
    <int name="key_avatar_border_size" value="0" />
    <boolean name="disable_hiddenchat_access" value="false" />
    <boolean name="my_statusd" value="true" />
    <int name="RcTargetColor" value="-284552933" />
    <boolean name="imsHideVStatus" value="false" />
    <int name="CardStori_GC" value="-2039574" />
    <boolean name="RcBkTabs_Gactive" value="false" />
    <boolean name="ModContactNameColor_Gactive" value="false" />
    <int name="bubblenew" value="-263173" />
    <boolean name="date_bubble_color_picker_Gactive" value="false" />
    <int name="rcCard2_GC" value="-3093774" />
    <boolean name="ItemText_Gactive" value="false" />
    <boolean name="hide_Conv_groupcall_btn" value="true" />
    <boolean name="newAttach_BottomDesign" value="false" />
    <int name="chat_icon_bg_forward_picker" value="-9803158" />
    <boolean name="Conv_call_btn" value="false" />
    <boolean name="ModFabTextColor_Gactive" value="false" />
    <boolean name="RcSeenColor_Gactive" value="false" />
    <boolean name="Hide_div" value="false" />
    <boolean name="isSwipeEnabled" value="false" />
    <boolean name="TextSearch_Gactive" value="false" />
    <boolean name="hiden_fab" value="false" />
    <boolean name="dial_bg_Gactive" value="false" />
    <boolean name="HomeBarText_Gactive" value="false" />
    <boolean name="list_bg_color_Gactive" value="false" />
    <int name="rcCard1" value="-2705930" />
    <int name="ModWdgTitleColor" value="-16645630" />
    <int name="rcCard2" value="-1507585" />
    <int name="rcCard3" value="-1832" />
    <int name="rcAttachIcon" value="-16753441" />
    <int name="ModFabText" value="-31829" />
    <boolean name="dial_text_Gactive" value="false" />
    <int name="ig_story" value="-31829" />
    <int name="ConvoBack" value="-31829" />
    <boolean name="onlinechat" value="false" />
    <boolean name="bgarchived_Gactive" value="false" />
    <boolean name="enable_fivminstatus" value="true" />
    <string name="ui_home_styleV2">1</string>
    <string name="ui_home_styleV3">ios</string>
    <string name="convostyle">0</string>
    <int name="HomeCounterBK" value="-1" />
    <int name="ModChatBubbleTextLeft" value="-13092808" />
    <int name="ModChatColor_GC" value="-15847284" />
    <boolean name="enable_grp_separationV2" value="true" />
    <int name="quoted_divider_picker" value="-37218" />
    <boolean name="chat_contactpicV2" value="false" />
    <int name="ItemIcon" value="-16777216" />
    <boolean name="chats_row_divider_picker_Gactive" value="false" />
    <int name="RcSeenColor" value="-6118750" />
    <int name="ModFabTextColor" value="-197380" />
    <boolean name="key_counter_tx_Gactive" value="false" />
    <int name="rcEmojiColor" value="-16753441" />
    <int name="border_poto" value="-14737633" />
    <int name="list_bg_color" value="-31829" />
    <boolean name="ModConTextColor_Gactive" value="false" />
    <boolean name="group_mypicV2" value="false" />
    <int name="SearchViw" value="-520093697" />
    <int name="ModConBackColor" value="-16777216" />
    <int name="oh_anunya" value="-4868683" />
    <boolean name="RCtabBg_Gactive" value="false" />
    <boolean name="error_Gactive" value="false" />
    <boolean name="yo_hideinfo" value="true" />
    <boolean name="attachChat_Gactive" value="false" />
    <boolean name="ItemIcon_Gactive" value="false" />
    <boolean name="Hide_contact_picker_section_recent_chats" value="false" />
    <int name="chats_date_pending_color_picker" value="-11645362" />
    <boolean name="toolbar_wallpaper" value="false" />
    <boolean name="oh_anunya_Gactive" value="false" />
    <int name="key_counter_tx" value="-657931" />
    <boolean name="hide_acv" value="true" />
    <int name="HomeCounterText" value="-12237499" />
    <int name="RcUnSeenColor" value="-15505416" />
    <int name="BgSearch" value="-1776153" />
    <boolean name="tabadgeBKColor_Gactive" value="false" />
    <boolean name="onlineDotchat" value="false" />
    <int name="ModChatBubbleHyperlinks" value="-2023091" />
    <boolean name="rcCard1_Gactive" value="true" />
    <int name="ModlastseenColor" value="-6645094" />
    <boolean name="Hide_contact_picker_section_frequent_chats" value="false" />
    <int name="RcBkTabs_GC" value="-10087763" />
    <int name="ModDarkConPickColorNav" value="-31829" />
    <boolean name="rcname_color_sub_Gactive" value="false" />
    <int name="BGColor" value="-31829" />
    <boolean name="rcMicColor_Gactive" value="false" />
    <boolean name="yo_hide_msg_translator" value="false" />
    <boolean name="hiden_nav" value="false" />
    <int name="rcCard1_GC" value="-14602" />
    <int name="bgarchived" value="-23358" />
    <string name="font">Default</string>
    <int name="quoted_bg_picker" value="16514043" />
    <boolean name="Searchikon_Gactive" value="false" />
    <boolean name="pagetitle_picker_Gactive" value="false" />
    <boolean name="statuschat" value="true" />
    <int name="rcCard2_GCDir" value="2" />
    <boolean name="want_status_toast" value="false" />
    <boolean name="quoted_divider_picker_Gactive" value="false" />
    <boolean name="HomeBarBar_Gactive" value="false" />
    <boolean name="ModChaSendColor_Gactive" value="false" />
    <int name="ModChatEmojiColor" value="-15263977" />
    <boolean name="rcAttachBk_Gactive" value="false" />
    <int name="ModChaSendColor" value="-15263977" />
    <int name="pagetitle_sel_picker" value="-1" />
    <boolean name="ModDarkConPickColorNav_Gactive" value="false" />
    <int name="key_counter_bg" value="-16896" />
    <int name="ModChatColor" value="-31829" />
    <boolean name="rcCard3_Gactive" value="true" />
    <int name="tabadgeBKColor" value="-1250068" />
    <string name="ui_home_style">1</string>
    <boolean name="emojipopup_header_Gactive" value="false" />
    <boolean name="HomeCounterBK_Gactive" value="false" />
    <boolean name="home_imgBK" value="true" />
    <string name="yo_nicons">10</string>
    <boolean name="DrawerText_Gactive" value="false" />
    <boolean name="quoted_name_picker_Gactive" value="false" />
    <boolean name="custom_wall_profilepic" value="false" />
    <boolean name="bubblenewtext_Gactive" value="false" />
    <int name="rcCard3_GC" value="-270104" />
    <boolean name="chat_icon_bg_forward_picker_Gactive" value="false" />
    <boolean name="stkr_wantsendconfirmation" value="true" />
    <boolean name="ModWdgTitleColor_Gactive" value="false" />
    <boolean name="date_right_color_Gactive" value="false" />
    <int name="tabadgeTextColor" value="-12237499" />
    <string name="ConvoEntry">7</string>
    <int name="cevronChat" value="-11645362" />
    <int name="ModConColor" value="-31829" />
    <boolean name="chats_show_contact_online_toast_check" value="false" />
    <string name="tick_style">love</string>
    <int name="ModConPickColor_GC" value="-15847284" />
    <string name="chats_show_contact_online_toast_location">Top</string>
    <int name="HomeIcon" value="-16753441" />
    <boolean name="hide_fab" value="true" />
    <boolean name="status_ch_Gactive" value="false" />
    <boolean name="ModChatGStatusT_Gactive" value="false" />
    <boolean name="RcUnSeenColor_Gactive" value="false" />
    <int name="tabindicator" value="-43895" />
    <int name="Searchikon" value="-11645362" />
    <boolean name="imsHideMStatus" value="true" />
    <boolean name="ModChatTextColor_Gactive" value="false" />
    <int name="RcBkTabs" value="-1006632961" />
    <string name="ui_bottom_style">ios</string>
    <int name="RcBkTabs_GCDir" value="2" />
    <boolean name="key_quick_view" value="true" />
    <boolean name="my_name" value="true" />
    <boolean name="TxtSelect" value="true" />
    <int name="pagetitle_picker" value="-13355980" />
    <int name="ModFabColor" value="-13093065" />
    <int name="rcname_color_sub" value="-8224126" />
    <int name="ModChatDarkColor" value="-263173" />
    <int name="rcCard1_GCDir" value="2" />
    <boolean name="hide_action_a" value="true" />
    <boolean name="rc_Txunseen_Gactive" value="false" />
    <boolean name="hide_action_b" value="false" />
    <boolean name="ModFabPressedColor_Gactive" value="false" />
    <string name="inconvo_trans_option">in-y</string>
    <boolean name="ConvoBack_Gactive" value="false" />
    <int name="HomeBarBar" value="-12566464" />
    <boolean name="quoted_text_picker_Gactive" value="false" />
    <boolean name="key_name_stories_Gactive" value="false" />
    <boolean name="auto_reply_boolean" value="false" />
    <string name="home">1</string>
    <boolean name="RcTargetColor_Gactive" value="false" />
    <boolean name="ModConPickColor_Gactive" value="false" />
    <string name="HomeEntry">yousef</string>
    <boolean name="statuses_bar_text_picker_Gactive" value="false" />
    <boolean name="CardStori_Gactive" value="false" />
    <int name="date_divider_color_picker" value="-2500135" />
    <boolean name="bubblenew_Gactive" value="false" />
    <int name="main_text" value="16" />
    <boolean name="ModChatRightBubble_Gactive" value="false" />
    <boolean name="hiden_sech" value="false" />
    <boolean name="ModConColor_Gactive" value="false" />
    <boolean name="rcEmojiColor_Gactive" value="false" />
    <int name="text_size_pick" value="17" />
    <int name="key_name_stories" value="-11645362" />
    <int name="ModChatBubbleText" value="-789517" />
    <int name="rvkdmsg_icon_color" value="-2023091" />
    <int name="mensen" value="-263173" />
    <int name="key_chat_iconback_picker" value="-16753441" />
    <boolean name="ModChatGStatusB_Gactive" value="false" />
    <string name="key_quick_position">top</string>
    <boolean name="carview_Gactive" value="false" />
    <boolean name="rc_Bkunseen_Gactive" value="false" />
    <int name="ItemText" value="-16777216" />
    <int name="emojipopup_icons" value="-11908534" />
    <boolean name="arc_hc_Gactive" value="false" />
    <int name="TextSearch" value="-16777216" />
    <boolean name="quoted_bg_picker_Gactive" value="false" />
    <int name="chats_row_divider_picker" value="-1644826" />
    <int name="ModFabNormalColor" value="-31829" />
    <boolean name="hide_action_l" value="true" />
    <boolean name="ModWdgStatusColor_Gactive" value="false" />
    <int name="ModContactNameColor" value="-592138" />
    <boolean name="hide_action_m" value="false" />
    <boolean name="Audio_sensor" value="true" />
    <boolean name="status_nm_Gactive" value="false" />
    <boolean name="rcAttachIcon_Gactive" value="false" />
    <boolean name="BkItem_Gactive" value="false" />
    <int name="UnSeenColor" value="-12895429" />
    <boolean name="tabadgeTextColor_Gactive" value="false" />
    <boolean name="RcStatusTitle_Gactive" value="false" />
    <boolean name="BGColor_Gactive" value="false" />
    <boolean name="HomeBarBar2_Gactive" value="false" />
    <boolean name="ModFabText_Gactive" value="false" />
    <int name="rcname_color" value="-16777216" />
    <int name="RcTextTab" value="-16777216" />
    <int name="RcStatusTitle" value="-16777216" />
    <int name="ModConDarkColor" value="-263173" />
    <int name="RcsetTarg" value="-1579033" />
    <int name="date_right_color" value="-2039584" />
    <int name="emojipopup_body" value="-37218" />
    <string name="chats_play_contact_online_tone"></string>
    <boolean name="emojipopup_body_Gactive" value="false" />
    <boolean name="NameProf" value="false" />
    <boolean name="ModChatEmojiColor_Gactive" value="false" />
    <boolean name="ModChatBtnColor_Gactive" value="false" />
    <int name="ModChatRightBubble" value="-1674601" />
    <int name="rcCard3_GCDir" value="2" />
    <int name="ModChatLeftBubble" value="-1596999" />
    <boolean name="ModChaSendBKColor_Gactive" value="false" />
    <boolean name="start_bl" value="false" />
    <int name="yoTostC" value="-14935012" />
    <boolean name="pagetitle_sel_picker_Gactive" value="false" />
    <boolean name="chat_icon_forward_picker_Gactive" value="false" />
    <boolean name="yo_want_airplanemode" value="true" />
    <int name="error_GC" value="-15847284" />
    <int name="ModDarkConPickColor" value="-31829" />
    <int name="status_ch" value="-197380" />
    <boolean name="yo_multi_account_menu" value="true" />
    <boolean name="Archv_chats" value="false" />
    <boolean name="BgSearch_Gactive" value="false" />
    <boolean name="RcsetTarg_Gactive" value="false" />
    <int name="yoTostT" value="-7631989" />
    <boolean name="chat_mypicV2" value="false" />
    <int name="ModConTextColor" value="-13092808" />
    <boolean name="key_with_thumb" value="false" />
    <int name="ModFabNormalColor_GC" value="-16102475" />
    <int name="attachbg" value="-263173" />
    <boolean name="chats_date_pending_color_picker_Gactive" value="false" />
    <int name="HomeBarBar2" value="-8289919" />
    <boolean name="ModOnlineColor_Gactive" value="false" />
    <boolean name="hiden_search_act" value="false" />
    <boolean name="date_divider_color_picker_Gactive" value="false" />
    <boolean name="PicProf" value="false" />
    <int name="rcAddColor" value="-16753441" />
    <int name="rc_Bkunseen" value="-263173" />
    <int name="chat_icon_forward_picker" value="-37218" />
    <boolean name="SeenColor_Gactive" value="false" />
    <boolean name="btn_voice_color_chat_picker_Gactive" value="false" />
    <int name="ModFabNormalColor_GCDir" value="2" />
    <int name="ModConPickColor_GCDir" value="2" />
    <boolean name="hiden_group" value="false" />
    <string name="bubble_style">ios11</string>
    <boolean name="ModChatColor_Gactive" value="false" />
    <boolean name="rcAttachTx_Gactive" value="false" />
    <boolean name="cevronChat_Gactive" value="false" />
    <int name="ModChatBtnColor" value="-15263977" />
    <boolean name="key_counter_bg_Gactive" value="false" />
    <boolean name="ModChatLeftBubble_Gactive" value="false" />
    <string name="listanimation">0</string>
    <int name="carview" value="-1996751877" />
    <int name="ModChatColor_GCDir" value="2" />
    <string name="pic_startlocation">1</string>
    <boolean name="AttBt" value="false" />
    <boolean name="pic_inside" value="false" />
    <boolean name="rcname_color_Gactive" value="false" />
    <boolean name="HomeCounterText_Gactive" value="false" />
    <boolean name="RcTextTab_Gactive" value="false" />
    <int name="date_left_color" value="-9803158" />
    <boolean name="ModDarkConPickColor_Gactive" value="false" />
    <boolean name="ModChatBubbleText_Gactive" value="false" />
    <int name="rcMicColor" value="-16753441" />
    <int name="date_bubble_color_picker" value="-223123583" />
    <int name="seekbar_color_chat_picker" value="-37218" />
    <int name="ModFabPressedColor" value="1442577403" />
    <int name="RCtabBg" value="-263173" />
    <boolean name="status_nw_Gactive" value="false" />
    <int name="statuses_bar_bg_picker" value="-23358" />
    <boolean name="emojipopup_icons_Gactive" value="false" />
    <int name="emojipopup_header" value="-37218" />
    <int name="quoted_name_picker" value="-11579569" />
    <int name="ModChatGStatusB" value="-263173" />
    <int name="HomeBarText" value="-1" />
    <int name="dial_text" value="-16777216" />
    <boolean name="yoTostC_Gactive" value="false" />
    <boolean name="imsHideRStatus" value="false" />
    <boolean name="tittle_bold" value="false" />
    <int name="ModChatGStatusT" value="-11645362" />
    <boolean name="hide_message_bomber" value="false" />
    <int name="rcAttachBk" value="-1" />
    <boolean name="rcAddColor_Gactive" value="false" />
    <boolean name="log_show_name_check" value="true" />
    <boolean name="tabindicator_Gactive" value="false" />
    <int name="RcsetBg" value="-1" />
    <int name="statuses_bar_text_picker" value="-12895429" />
    <boolean name="ModHomeMentionIndBackground_Gactive" value="false" />
    <boolean name="isSwipeEnabledV2" value="false" />
    <boolean name="attachbg_Gactive" value="false" />
    <boolean name="Hide_contact_picker_section_other_contacts" value="false" />
    <int name="ModWdgStatusColor" value="-11645362" />
    <boolean name="rcCard2_Gactive" value="true" />
    <int name="status_nw" value="-1" />
    <int name="row_resizer" value="233" />
    <int name="error_GCDir" value="2" />
    <boolean name="seekbar_color_chat_picker_Gactive" value="false" />
    <boolean name="enable_ig_stories" value="false" />
    <int name="ModConPickColor" value="-31829" />
    <boolean name="SearchViw_Gactive" value="false" />
    <boolean name="enable_old" value="true" />
    <int name="status_nm" value="-16777216" />
    <boolean name="mensen_Gactive" value="false" />
    <int name="BkItem" value="16777215" />
    <int name="CardStori" value="-263173" />
    <string name="key_story_view">1</string>
    <boolean name="read_more" value="true" />
    <int name="CardStori_GCDir" value="2" />
    <int name="DrawerText" value="-16777216" />
    <boolean name="date_left_color_Gactive" value="false" />
    <boolean name="rvkdmsg_icon_color_Gactive" value="false" />
    <boolean name="border_poto_Gactive" value="false" />
    <boolean name="yo_want_nightmode" value="true" />
    <int name="ModConColor_GCDir" value="2" />
    <boolean name="UnSeenColor_Gactive" value="false" />
    <int name="error" value="-263173" />
    <boolean name="ModConBackColor_Gactive" value="false" />
    <int name="dial_bg" value="-1" />
    <int name="pic_chat_size_pickerV2" value="40" />
    <boolean name="RcsetBg_Gactive" value="false" />
    <boolean name="custom_wall" value="false" />
    <boolean name="auto_disabled" value="true" />
    <boolean name="ModChatBubbleTextLeft_Gactive" value="false" />
    <boolean name="ModChatEntry_Gactive" value="false" />
    <boolean name="elapsed_time" value="false" />
    <int name="rcAttachTx" value="-16777216" />
    <int name="attachChat" value="-16777216" />
    <int name="btn_voice_color_chat_picker" value="-11316397" />
    <int name="rc_Txunseen" value="-16753441" />
    <boolean name="HomeIcon_Gactive" value="false" />
    <boolean name="ModlastseenColor_Gactive" value="false" />
    <int name="ModHomeMentionIndBackground" value="-43895" />
    <boolean name="ModFabNormalColor_Gactive" value="false" />
    <boolean name="key_chat_iconback_picker_Gactive" value="false" />
    <int name="ModChatEntry" value="-789517" />
    <boolean name="Audio_ears" value="true" />
    <boolean name="yoTostT_Gactive" value="false" />
    <int name="ModWdgBKColor" value="-263173" />
    <int name="square_photo_ratio_picker" value="100" />
    <boolean name="statuses_bar_bg_picker_Gactive" value="false" />
    <int name="ModChatTextColor" value="-9737365" />
    <boolean name="ModFabColor_Gactive" value="false" />
    <boolean name="group_participants_picV2" value="false" />
    <boolean name="ModWdgBKColor_Gactive" value="false" />
    <boolean name="participant_name_color_picker_Gactive" value="false" />
    <boolean name="enable_grp_separation" value="false" />
    <boolean name="ModChatBubbleHyperlinks_Gactive" value="false" />
    <int name="arc_hc" value="-13290444" />
    <boolean name="ig_story_Gactive" value="false" />
    <int name="ModConColor_GC" value="-1" />
    <int name="SeenColor" value="-3487030" />
    <int name="ModOnlineColor" value="-1973791" />
</map>
