<?xml version='1.0' encoding='utf-8' standalone='yes' ?>
<map>
    <boolean name="key_decrypt_info" value="true" />
    <int name="ModChaSendBKColor" value="-1" />
    <int name="key_avatar_border_size" value="0" />
    <boolean name="disable_hiddenchat_access" value="false" />
    <boolean name="my_statusd" value="false" />
    <boolean name="key_toast_profile" value="true" />
    <boolean name="imsHideVStatus" value="false" />
    <int name="key_toast_status_bg" value="-13193001" />
    <boolean name="key_toast_online_textcolor_check" value="true" />
    <boolean name="date_bubble_color_picker_Gactive" value="false" />
    <boolean name="newAttach_BottomDesign" value="true" />
    <int name="key_toast_profile_bg_GOrient" value="3" />
    <int name="key_toast_online_bg_GOrient" value="3" />
    <boolean name="key_toolbar_elevation" value="true" />
    <boolean name="Conv_call_btn" value="false" />
    <boolean name="Hide_div" value="true" />
    <int name="key_waveview_height" value="100" />
    <boolean name="key_quick_textcolor_check" value="true" />
    <boolean name="ModOnlineColor_check" value="true" />
    <string name="key_toast_duration">0</string>
    <int name="key_outgoing_corner" value="12" />
    <int name="key_cover_height" value="66" />
    <boolean name="onlinechat" value="false" />
    <int name="delight_app_theme_light" value="-1" />
    <int name="key_drawer_bg" value="-436207617" />
    <boolean name="key_drawer_text_check" value="true" />
    <boolean name="enable_fivminstatus" value="false" />
    <string name="ui_home_styleV3">stock</string>
    <boolean name="key_floating_chat" value="false" />
    <int name="key_card_title" value="-1" />
    <string name="convostyle">0</string>
    <int name="key_homecard_elevations" value="0" />
    <int name="HomeCounterBK" value="-13193001" />
    <int name="ModHomeMentionIconColor" value="-14713436" />
    <int name="key_wave_velocity" value="100" />
    <boolean name="enable_grp_separationV2" value="true" />
    <boolean name="chat_contactpicV2" value="true" />
    <int name="quoted_divider_picker" value="-11437164" />
    <int name="key_navigationbar_picker" value="-12873797" />
    <boolean name="key_wallpaper_view" value="false" />
    <int name="key_curvature_height" value="0" />
    <int name="key_stories_name" value="-14606047" />
    <boolean name="group_mypicV2" value="false" />
    <int name="ModConBackColor" value="-1" />
    <boolean name="key_avatar_view" value="true" />
    <int name="key_toast_profile_bg_GC" value="-16744345" />
    <boolean name="yo_hideinfo" value="true" />
    <boolean name="key_toast_online_bg_check" value="true" />
    <boolean name="Hide_contact_picker_section_recent_chats" value="false" />
    <boolean name="key_badge_background_check" value="true" />
    <int name="key_bubble_stroke_color" value="-328966" />
    <string name="key_ig_view">stories</string>
    <boolean name="hide_acv" value="true" />
    <int name="HomeCounterText" value="-1" />
    <boolean name="tabadgeTextColor_check" value="true" />
    <boolean name="key_unseen_color_check" value="true" />
    <boolean name="key_typing_color_check" value="true" />
    <boolean name="pagetitle_picker_check" value="true" />
    <boolean name="key_hide_thumbnail" value="false" />
    <boolean name="onlineDotchat" value="false" />
    <int name="key_toast_online_bg_GC" value="-16744345" />
    <int name="ModChatBubbleHyperlinks" value="-14713436" />
    <boolean name="key_hide_search" value="false" />
    <int name="ModlastseenColor" value="-7788006" />
    <boolean name="Hide_contact_picker_section_frequent_chats" value="false" />
    <int name="key_toast_rounded" value="23" />
    <boolean name="key_nested_scroll" value="true" />
    <int name="ModDarkConPickColorNav" value="-12873797" />
    <int name="BGColor" value="-1" />
    <boolean name="yo_hide_msg_translator" value="false" />
    <string name="HISTORY">[-7788006,-137252,-10245943,-449081413,-12492426,-1247750,1077645243,-436207617,-328966,-921103,-14713436,-13193001,1344241060,1346462070,-14606047,-6051925,0,-1,-11437164,-12873797]</string>
    <boolean name="statuschat" value="true" />
    <boolean name="want_status_toast" value="false" />
    <boolean name="key_ig_thumbnail" value="false" />
    <boolean name="quoted_divider_picker_Gactive" value="false" />
    <int name="key_wave_angel" value="45" />
    <int name="ModChatEmojiColor" value="-6051925" />
    <boolean name="ModChaSendColor_Gactive" value="false" />
    <boolean name="key_drawer_menu" value="false" />
    <int name="ModChaSendColor" value="-6051925" />
    <int name="pagetitle_sel_picker" value="-1" />
    <boolean name="ModDarkConPickColorNav_Gactive" value="false" />
    <int name="key_counter_bg" value="-12873797" />
    <int name="ModChatColor" value="-12873797" />
    <int name="tabadgeBKColor" value="-1" />
    <boolean name="key_tab_divider" value="false" />
    <boolean name="admin_check" value="true" />
    <boolean name="key_quick_bg_check" value="true" />
    <boolean name="key_home_swipe" value="false" />
    <boolean name="emojipopup_header_Gactive" value="false" />
    <int name="key_drawer_bg_GOrient" value="0" />
    <boolean name="home_imgBK" value="false" />
    <boolean name="quoted_name_picker_Gactive" value="false" />
    <boolean name="key_drawer_bg_Gactive" value="false" />
    <int name="key_quick_textcolor" value="-1" />
    <int name="key_fastscroll_round" value="20" />
    <boolean name="custom_wall_profilepic" value="false" />
    <boolean name="HomeBarText_check" value="true" />
    <string name="delight_app_theme">1</string>
    <boolean name="stkr_wantsendconfirmation" value="true" />
    <int name="key_row_radius" value="12" />
    <boolean name="key_kenburn_cover" value="true" />
    <int name="key_fab_stroke" value="0" />
    <boolean name="date_right_color_Gactive" value="false" />
    <int name="tabadgeTextColor" value="-12873797" />
    <string name="ConvoEntry">5</string>
    <boolean name="key_wave_tab" value="false" />
    <int name="ModConColor" value="-12873797" />
    <boolean name="chats_show_contact_online_toast_check" value="false" />
    <boolean name="key_toast_status_textcolor_check" value="true" />
    <boolean name="key_custom_icon" value="true" />
    <boolean name="HomeCounterBK_check" value="true" />
    <string name="key_navigation_tabview">1</string>
    <string name="tick_style">ios</string>
    <boolean name="key_large_bitmap" value="false" />
    <int name="key_drawer_bg_GC" value="-444420182" />
    <boolean name="hide_fab" value="true" />
    <boolean name="ModConPickColor_check" value="false" />
    <boolean name="ModChatGStatusT_Gactive" value="false" />
    <int name="tabindicator" value="-1" />
    <boolean name="HomeCounterText_check" value="true" />
    <boolean name="ModChatTextColor_Gactive" value="false" />
    <boolean name="imsHideMStatus" value="false" />
    <string name="ui_bottom_style">stock</string>
    <int name="key_story_stroke" value="1" />
    <boolean name="key_quick_view" value="true" />
    <int name="key_bubble_stroke_size" value="0" />
    <boolean name="my_name" value="true" />
    <int name="key_search_textcolor" value="815701662" />
    <boolean name="ModHomeMentionIndBackground_check" value="true" />
    <int name="pagetitle_picker" value="-1" />
    <boolean name="TxtSelect" value="false" />
    <int name="key_custom_theme" value="-1" />
    <boolean name="key_fab_color_Gactive" value="false" />
    <int name="key_search_rounded" value="23" />
    <boolean name="key_fab_color_check" value="true" />
    <boolean name="key_toast_status_bg_Gactive" value="false" />
    <boolean name="ModlastseenColor_check" value="true" />
    <string name="key_bottomtab_styles">v7</string>
    <boolean name="key_hide_topscroll" value="true" />
    <boolean name="hide_action_a" value="false" />
    <string name="key_story_layout">0</string>
    <boolean name="hide_action_b" value="false" />
    <boolean name="ModFabPressedColor_Gactive" value="false" />
    <string name="inconvo_trans_option">in-y</string>
    <int name="key_fab_color" value="-10245943" />
    <boolean name="key_toast_statuses" value="true" />
    <boolean name="ConvoBack_Gactive" value="false" />
    <boolean name="key_tab_text" value="false" />
    <boolean name="ModConPickColor_Gactive" value="false" />
    <string name="HomeEntry">yousef</string>
    <boolean name="statuses_bar_text_picker_Gactive" value="false" />
    <int name="date_divider_color_picker" value="-328966" />
    <int name="key_tab_rounded" value="0" />
    <int name="key_avatar_size" value="54" />
    <int name="main_text" value="15" />
    <boolean name="ModChatRightBubble_Gactive" value="false" />
    <boolean name="key_fab_icon_check" value="true" />
    <boolean name="hiden_sech" value="true" />
    <boolean name="ModConColor_Gactive" value="false" />
    <int name="text_size_pick" value="14" />
    <int name="key_trans_alpha" value="50" />
    <string name="key_style_home">rounded_card_fit</string>
    <boolean name="key_online_ring" value="true" />
    <string name="key_chat_animation">14</string>
    <boolean name="key_blur_ios_tab" value="true" />
    <string name="key_quick_position">top</string>
    <boolean name="ModChatGStatusB_Gactive" value="false" />
    <int name="key_search_border" value="815701662" />
    <int name="key_toast_profile_bg" value="-13193001" />
    <int name="emojipopup_icons" value="-12873797" />
    <int name="key_incoming_bubble" value="-1" />
    <boolean name="key_stories_name_check" value="true" />
    <int name="ModFabNormalColor" value="-12873797" />
    <boolean name="hide_action_l" value="false" />
    <int name="ModContactNameColor" value="-14606047" />
    <boolean name="hide_action_m" value="false" />
    <boolean name="Audio_sensor" value="false" />
    <int name="key_row_size" value="67" />
    <int name="key_grid_height" value="100" />
    <int name="UnSeenColor" value="-12873797" />
    <boolean name="tabadgeTextColor_Gactive" value="false" />
    <boolean name="BGColor_Gactive" value="false" />
    <int name="key_card_round" value="8" />
    <int name="emojipopup_body" value="-1" />
    <int name="RingColor" value="-13914325" />
    <boolean name="ModChatEmojiColor_Gactive" value="false" />
    <boolean name="NameProf" value="false" />
    <boolean name="emojipopup_body_Gactive" value="false" />
    <boolean name="key_counter_bg_check" value="false" />
    <boolean name="ModChatBtnColor_Gactive" value="false" />
    <boolean name="key_toast_custom" value="true" />
    <int name="ModChatRightBubble" value="-1247750" />
    <boolean name="key_toast_profile_textcolor_check" value="true" />
    <boolean name="key_fast_scroll" value="false" />
    <int name="key_unseen_color" value="-12873797" />
    <string name="key_toast_profile_gravity">2</string>
    <boolean name="ModChaSendBKColor_Gactive" value="false" />
    <int name="ModChatLeftBubble" value="-1" />
    <boolean name="key_navigationbar_picker_check" value="true" />
    <boolean name="yo_want_airplanemode" value="true" />
    <int name="ModDarkConPickColor" value="-12873797" />
    <int name="key_grid_span" value="3" />
    <boolean name="yo_multi_account_menu" value="true" />
    <int name="ModConTextColor" value="-13193001" />
    <boolean name="chat_mypicV2" value="false" />
    <boolean name="key_with_thumb" value="false" />
    <int name="key_drawer_text" value="-12873797" />
    <boolean name="ModConBackColor_check" value="true" />
    <boolean name="PicProf" value="false" />
    <boolean name="key_voice_note_v2" value="true" />
    <boolean name="date_divider_color_picker_Gactive" value="false" />
    <boolean name="key_toast_online_bg_Gactive" value="false" />
    <boolean name="key_gradient_bubble" value="false" />
    <int name="key_badge_textcolor" value="-1" />
    <boolean name="SeenColor_Gactive" value="false" />
    <int name="key_row_elevation" value="0" />
    <int name="key_subtitle_color" value="-6051925" />
    <boolean name="key_as_thumbnail" value="false" />
    <boolean name="hiden_group" value="true" />
    <boolean name="key_encrypt_chat" value="false" />
    <string name="bubble_style">doodlehang</string>
    <int name="key_search_bg" value="-1" />
    <boolean name="ModChatColor_Gactive" value="false" />
    <boolean name="key_badge_textcolor_check" value="true" />
    <int name="ModChatBtnColor" value="-6051925" />
    <int name="key_wave_height" value="17" />
    <boolean name="key_counter_bg_Gactive" value="false" />
    <int name="key_statusbar_picker" value="-12492426" />
    <int name="key_fab_rounded_menu" value="28" />
    <boolean name="ModChatLeftBubble_Gactive" value="false" />
    <int name="key_stories_padding" value="72" />
    <int name="key_accent_color" value="-12492426" />
    <boolean name="tabindicator_check" value="true" />
    <string name="key_quick_layout">v2</string>
    <string name="pic_startlocation">1</string>
    <boolean name="key_statusbar_picker_check" value="true" />
    <boolean name="AttBt" value="false" />
    <int name="key_toast_status_bg_GC" value="-16744345" />
    <boolean name="key_toast_profile_bg_check" value="true" />
    <boolean name="pic_inside" value="false" />
    <boolean name="ModConColor_check" value="true" />
    <boolean name="key_translucent_statusbar" value="true" />
    <boolean name="key_toast_status_bg_check" value="true" />
    <boolean name="key_story_badge" value="false" />
    <boolean name="ModDarkConPickColor_Gactive" value="false" />
    <boolean name="ModChatBubbleText_Gactive" value="false" />
    <string name="key_chats_listanimation">14</string>
    <boolean name="key_archived_header" value="false" />
    <int name="key_toast_profile_textcolor" value="-1" />
    <int name="date_bubble_color_picker" value="1346462070" />
    <boolean name="key_search_elevation" value="false" />
    <string name="key_fab_view">view</string>
    <int name="ModFabPressedColor" value="-12873797" />
    <int name="key_toast_status_bg_GOrient" value="3" />
    <int name="key_homecard_cornerradius" value="30" />
    <int name="statuses_bar_bg_picker" value="-12873797" />
    <int name="ModChatGStatusB" value="-437326098" />
    <int name="emojipopup_header" value="-1" />
    <boolean name="emojipopup_icons_Gactive" value="false" />
    <int name="quoted_name_picker" value="-11437164" />
    <boolean name="pagetitle_sel_picker_check" value="true" />
    <int name="key_badge_background" value="-12873797" />
    <int name="HomeBarText" value="-1" />
    <int name="key_toast_online_textcolor" value="-1" />
    <int name="key_typing_color" value="-7788006" />
    <boolean name="imsHideRStatus" value="false" />
    <int name="ModChatGStatusT" value="-12873797" />
    <int name="key_toast_status_textcolor" value="-1" />
    <boolean name="hide_message_bomber" value="false" />
    <boolean name="log_show_name_check" value="true" />
    <int name="key_fab_icon" value="-1" />
    <boolean name="tabindicator_Gactive" value="false" />
    <int name="statuses_bar_text_picker" value="-1" />
    <boolean name="tabadgeBKColor_check" value="true" />
    <boolean name="isSwipeEnabledV2" value="false" />
    <boolean name="key_graient_ring_anim" value="false" />
    <boolean name="Hide_contact_picker_section_other_contacts" value="false" />
    <int name="key_toast_online_bg" value="-13193001" />
    <boolean name="key_toast_avatar" value="true" />
    <boolean name="enable_ig_stories" value="false" />
    <int name="key_quick_bg" value="-11437164" />
    <int name="key_border_stories_card" value="-2141101727" />
    <int name="ModConPickColor" value="-12873797" />
    <boolean name="key_wave_run" value="true" />
    <boolean name="key_hide_tabscroll" value="false" />
    <boolean name="key_custom_badge" value="false" />
    <string name="key_story_view">0</string>
    <int name="key_seen_color" value="-6051925" />
    <boolean name="read_more" value="false" />
    <int name="key_outgoing_bubble" value="-13914325" />
    <int name="key_avatar_border" value="-13914325" />
    <boolean name="yo_want_nightmode" value="true" />
    <boolean name="UnSeenColor_Gactive" value="false" />
    <boolean name="ModConBackColor_Gactive" value="false" />
    <int name="key_fab_rounded" value="28" />
    <int name="key_stories_card" value="-1" />
    <int name="pic_chat_size_pickerV2" value="40" />
    <int name="key_row_background_color" value="-1" />
    <boolean name="custom_wall" value="false" />
    <boolean name="key_reply_dialog" value="true" />
    <boolean name="ModChatEntry_Gactive" value="false" />
    <string name="key_toast_online_gravity">2</string>
    <boolean name="elapsed_time" value="false" />
    <boolean name="key_fab_elevation" value="true" />
    <int name="key_search_stroke" value="1" />
    <boolean name="key_toast_profile_bg_Gactive" value="false" />
    <int name="ModHomeMentionIndBackground" value="-921103" />
    <int name="key_fab_border" value="-328966" />
    <int name="participant_name_color_picker" value="-14713436" />
    <boolean name="ModFabNormalColor_Gactive" value="false" />
    <string name="key_pager_animation">9</string>
    <boolean name="Audio_ears" value="false" />
    <int name="ModChatEntry" value="-1" />
    <string name="key_archive_style">card_stock</string>
    <int name="square_photo_ratio_picker" value="100" />
    <boolean name="key_cover_view" value="false" />
    <boolean name="statuses_bar_bg_picker_Gactive" value="false" />
    <boolean name="key_navigation_padding" value="false" />
    <boolean name="group_participants_picV2" value="true" />
    <boolean name="participant_name_color_picker_Gactive" value="false" />
    <boolean name="key_drawer_bg_check" value="true" />
    <int name="key_incoming_corner" value="12" />
    <string name="key_toast_status_gravity">2</string>
    <boolean name="key_story_elevation" value="false" />
    <boolean name="ModChatBubbleHyperlinks_Gactive" value="false" />
    <int name="key_border_convs_card" value="-2141101727" />
    <boolean name="key_seen_color_check" value="true" />
    <boolean name="key_grid_chatview" value="false" />
    <boolean name="key_row_size_check" value="true" />
    <boolean name="ModHomeMentionIconColor_check" value="true" />
    <int name="SeenColor" value="-6051925" />
    <int name="ModOnlineColor" value="-12873797" />
</map>
