<?xml version='1.0' encoding='utf-8' standalone='yes' ?>
<map>
    <int name="ModChaSendBKColor" value="-1" />
    <boolean name="ModDarkConPickColor_Gactive" value="false" />
    <boolean name="statuschat" value="false" />
    <boolean name="disable_hiddenchat_access" value="false" />
    <boolean name="want_status_toast" value="false" />
    <boolean name="my_statusd" value="false" />
    <string name="key_quick_position">top</string>
    <int name="ModFabPressedColor" value="-1" />
    <boolean name="ModChaSendColor_Gactive" value="false" />
    <boolean name="ModContactNameColor_Gactive" value="false" />
    <int name="ModChaSendColor" value="-31488" />
    <boolean name="ModDarkConPickColorNav_Gactive" value="false" />
    <int name="HomeBarText" value="-31488" />
    <int name="ModFabNormalColor" value="-31488" />
    <boolean name="newAttach_BottomDesign" value="true" />
    <boolean name="onlineDotchatColor_Gactive" value="false" />
    <boolean name="hide_action_l" value="false" />
    <boolean name="hide_action_m" value="false" />
    <int name="ModContactNameColor" value="-31488" />
    <boolean name="Conv_call_btn" value="false" />
    <boolean name="ModFabTextColor_Gactive" value="false" />
    <boolean name="Audio_sensor" value="true" />
    <boolean name="Hide_div" value="false" />
    <int name="ModChatColor" value="0" />
    <boolean name="hide_message_bomber" value="false" />
    <boolean name="log_show_name_check" value="true" />
    <boolean name="BGColor_Gactive" value="false" />
    <boolean name="HomeCounterBK_Gactive" value="false" />
    <boolean name="home_imgBK" value="true" />
    <boolean name="HomeBarText_Gactive" value="false" />
    <boolean name="isSwipeEnabledV2" value="false" />
    <boolean name="NameProf" value="false" />
    <boolean name="custom_wall_profilepic" value="false" />
    <boolean name="Hide_contact_picker_section_other_contacts" value="false" />
    <boolean name="ModChatBtnColor_Gactive" value="false" />
    <boolean name="ModHomeMentionIconColor_Gactive" value="false" />
    <boolean name="stkr_wantsendconfirmation" value="true" />
    <boolean name="enable_ig_stories" value="false" />
    <int name="ModConPickColor" value="0" />
    <boolean name="onlinechat" value="false" />
    <boolean name="ModChaSendBKColor_Gactive" value="false" />
    <string name="ConvoEntry">7</string>
    <int name="ModConColor" value="0" />
    <string name="ui_home_styleV3">ios</string>
    <boolean name="chats_show_contact_online_toast_check" value="false" />
    <string name="tick_style">yousef</string>
    <string name="key_story_view">0</string>
    <int name="HomeCounterBK" value="-16777216" />
    <boolean name="read_more" value="false" />
    <int name="ModHomeMentionIconColor" value="-31488" />
    <boolean name="hide_fab" value="true" />
    <boolean name="yo_want_airplanemode" value="true" />
    <int name="ModDarkConPickColor" value="-16777216" />
    <boolean name="enable_grp_separationV2" value="true" />
    <boolean name="yo_want_nightmode" value="true" />
    <boolean name="yo_multi_account_menu" value="true" />
    <int name="ModFabTextColor" value="-1" />
    <int name="ModConTextColor" value="-31488" />
    <boolean name="key_quick_view" value="true" />
    <boolean name="ModConTextColor_Gactive" value="false" />
    <boolean name="my_name" value="false" />
    <boolean name="custom_wall" value="false" />
    <boolean name="elapsed_time" value="false" />
    <boolean name="ModOnlineColor_Gactive" value="false" />
    <boolean name="yo_hideinfo" value="false" />
    <boolean name="PicProf" value="false" />
    <boolean name="Hide_contact_picker_section_recent_chats" value="false" />
    <boolean name="ModlastseenColor_Gactive" value="false" />
    <int name="onlineDotchatColor" value="-15021234" />
    <int name="HomeCounterText" value="-31488" />
    <boolean name="ModFabNormalColor_Gactive" value="false" />
    <boolean name="hide_action_a" value="false" />
    <boolean name="hide_action_b" value="false" />
    <boolean name="ModFabPressedColor_Gactive" value="false" />
    <boolean name="Audio_ears" value="false" />
    <string name="inconvo_trans_option">in-y</string>
    <int name="square_photo_ratio_picker" value="100" />
    <boolean name="ModChatColor_Gactive" value="false" />
    <string name="bubble_style">0</string>
    <boolean name="onlineDotchat" value="false" />
    <int name="ModChatBtnColor" value="-31488" />
    <boolean name="ModConPickColor_Gactive" value="false" />
    <string name="HomeEntry">yousef</string>
    <int name="ModlastseenColor" value="-31488" />
    <boolean name="Hide_contact_picker_section_frequent_chats" value="false" />
    <int name="ModDarkConPickColorNav" value="-16777216" />
    <boolean name="AttBt" value="false" />
    <int name="BGColor" value="-16777216" />
    <int name="main_text" value="17" />
    <boolean name="yo_hide_msg_translator" value="false" />
    <boolean name="HomeCounterText_Gactive" value="false" />
    <boolean name="ModConColor_Gactive" value="false" />
    <int name="text_size_pick" value="16" />
    <int name="ModOnlineColor" value="-15021234" />
</map>
