<?xml version='1.0' encoding='utf-8' standalone='yes' ?>
<map>
    <boolean name="AeroCevrimiciNoktaRenk_Gactive" value="false" />
    <int name="tittle_size" value="19" />
    <boolean name="disable_hiddenchat_access" value="false" />
    <boolean name="my_statusd" value="true" />
    <int name="RcTargetColor" value="15132390" />
    <int name="ArsivMetin2" value="-1" />
    <boolean name="AeroIGFragmentGenislikAnahtar" value="false" />
    <boolean name="imsHideVStatus" value="false" />
    <boolean name="HazarGorulmeyenHikaye_Gactive" value="false" />
    <string name="aero_ikondegistir_asagikaydir_etiket">0</string>
    <boolean name="date_bubble_color_picker_Gactive" value="false" />
    <boolean name="AeroToastMetin_Gactive" value="false" />
    <boolean name="Conv_call_btn" value="true" />
    <boolean name="ModFabTextColor_Gactive" value="false" />
    <boolean name="RcSeenColor_Gactive" value="false" />
    <string name="aero_ikondegistir_silinenmesaj">0</string>
    <boolean name="isSwipeEnabled" value="false" />
    <boolean name="NormalFABRengi_Gactive" value="false" />
    <int name="aero_isim_rengi" value="-8212566" />
    <boolean name="hiden_fab" value="true" />
    <boolean name="HomeBarText_Gactive" value="false" />
    <int name="AerosayiRenk" value="-12434878" />
    <string name="AeroListelenmeEfekti">0</string>
    <int name="ConvoBack" value="-262660" />
    <boolean name="onlinechat" value="false" />
    <int name="ArsivMetin1" value="-8212566" />
    <boolean name="enable_fivminstatus" value="false" />
    <int name="aero_yaziyor_rengi" value="-12954012" />
    <string name="convostyle">7</string>
    <boolean name="ModFabBgColor_Gactive" value="false" />
    <int name="AeroIGFragmentRadius" value="12" />
    <int name="HomeCounterBK" value="-31488" />
    <int name="rcChatsColor" value="-180686" />
    <int name="ModChatColor_GC" value="-2845953" />
    <boolean name="enable_grp_separationV2" value="true" />
    <int name="quoted_divider_picker" value="-9396583" />
    <int name="ItemIcon" value="-15704600" />
    <int name="RcSeenColor" value="-6842473" />
    <boolean name="ArsivIkon2_Gactive" value="false" />
    <int name="ModFabTextColor" value="-31488" />
    <int name="rcEmojiColor" value="-8212566" />
    <int name="border_poto" value="-1" />
    <boolean name="ModConTextColor_Gactive" value="false" />
    <boolean name="group_mypicV2" value="false" />
    <int name="ProfilResmiCerceve" value="-8212566" />
    <int name="SearchViw" value="-1776153" />
    <int name="AeroCevrimiciNoktaRenk3" value="-8212566" />
    <boolean name="yo_hideinfo" value="true" />
    <boolean name="attachChat_Gactive" value="false" />
    <boolean name="ItemIcon_Gactive" value="false" />
    <int name="AeroCevrimiciNoktaRenk2" value="-8212566" />
    <boolean name="Aero_OzelSimgeler_AsagiKaydir" value="false" />
    <int name="RcUnSeenColor" value="-15704600" />
    <string name="aero_ikondegistir_alttab1">0</string>
    <string name="aero_ikondegistir_alttab2">0</string>
    <boolean name="tabadgeBKColor_Gactive" value="false" />
    <int name="ModFabBgColor" value="359423" />
    <boolean name="HizliIletisimArkaplan_Gactive" value="false" />
    <boolean name="onlineDotchat" value="false" />
    <boolean name="sekmeleri_gizle" value="false" />
    <int name="ModlastseenColor" value="-4342339" />
    <boolean name="Hide_contact_picker_section_frequent_chats" value="false" />
    <int name="ModDarkConPickColorNav" value="-1" />
    <int name="aeroHazarBarRenk" value="-8212566" />
    <boolean name="mc_line_Gactive" value="false" />
    <string name="font">Default</string>
    <boolean name="AramaStiliAramaButonu_Gactive" value="false" />
    <boolean name="statuschat" value="true" />
    <int name="AerosohbetlerRenk" value="-8212566" />
    <int name="NonAktifTab" value="-8212566" />
    <boolean name="HomeBarBar_Gactive" value="false" />
    <boolean name="ItemSearch_Gactive" value="false" />
    <boolean name="ModDarkConPickColorNav_Gactive" value="false" />
    <int name="ModChatColor" value="-1" />
    <int name="mc_line" value="-12954012" />
    <boolean name="ArsivMetin1_Gactive" value="false" />
    <boolean name="HomeCounterBK_Gactive" value="false" />
    <boolean name="DrawerText_Gactive" value="false" />
    <int name="ModConBackColor_GC" value="-16611119" />
    <string name="aero_hazar_elegantmod">3</string>
    <string name="AeroHikayeTasarim">0</string>
    <boolean name="AeroCevrimiciNoktaRenk3_Gactive" value="false" />
    <boolean name="aero_blur_etkin" value="true" />
    <boolean name="AramaStiliAraMetinRengi_Gactive" value="false" />
    <int name="rcText2" value="-16053493" />
    <boolean name="chat_icon_bg_forward_picker_Gactive" value="false" />
    <boolean name="AeroIGFragmentYukseklikAnahtar" value="false" />
    <boolean name="date_right_color_Gactive" value="false" />
    <int name="BkHeader" value="16448250" />
    <boolean name="CizgiRengi_Gactive" value="false" />
    <boolean name="SohbetFabGizle" value="false" />
    <boolean name="hide_fab" value="true" />
    <boolean name="status_ch_Gactive" value="false" />
    <string name="aero_ikondegistir_yenidurum1">0</string>
    <string name="aero_ikondegistir_yenidurum2">0</string>
    <boolean name="ModChatGStatusT_Gactive" value="false" />
    <int name="ProfilKartRadius" value="22" />
    <int name="ModConBackColor_GCDir" value="3" />
    <boolean name="aero_hikaye_bildirimi" value="true" />
    <int name="RcBkTabs" value="-1" />
    <string name="ui_bottom_style">ios</string>
    <int name="HikayelerKartRadius" value="12" />
    <boolean name="my_name" value="true" />
    <boolean name="TxtSelect" value="false" />
    <int name="pagetitle_picker" value="-6974059" />
    <int name="ModFabColor" value="-526345" />
    <int name="ModChatDarkColor" value="-394759" />
    <int name="AramaArkaPlani" value="-657931" />
    <int name="rcStickerBk" value="-328964" />
    <int name="AeroCevrimiciNoktaSoldanKaydir" value="56" />
    <string name="aero_ikondegistir_gecemod">0</string>
    <boolean name="hide_action_a" value="false" />
    <boolean name="hide_action_b" value="false" />
    <int name="RcTargetColor_GC" value="-1250068" />
    <boolean name="ConvoBack_Gactive" value="false" />
    <boolean name="quoted_text_picker_Gactive" value="false" />
    <string name="hazar_bozkurt_arama_fix">3</string>
    <string name="home">39</string>
    <boolean name="RcTargetColor_Gactive" value="false" />
    <string name="aero_pro_stil_fix">0</string>
    <boolean name="AeroAyarlarArkaplan_Gactive" value="false" />
    <boolean name="statuses_bar_text_picker_Gactive" value="false" />
    <int name="ConvoBack_GCDir" value="2" />
    <boolean name="HizliIletisimIkon_Gactive" value="false" />
    <int name="NormalFABRengi" value="821820411" />
    <boolean name="AeroIGFragmentBorderWidth" value="false" />
    <boolean name="FABMetinRengi_Gactive" value="false" />
    <boolean name="rcEmojiColor_Gactive" value="false" />
    <int name="text_size_pick" value="14" />
    <int name="HikayeArkaplan" value="-1" />
    <string name="key_quick_position">top</string>
    <boolean name="rc_Bkunseen_Gactive" value="false" />
    <int name="ItemText" value="-7039852" />
    <boolean name="rcStickerBk_Gactive" value="false" />
    <boolean name="quoted_bg_picker_Gactive" value="false" />
    <int name="chats_row_divider_picker" value="814780560" />
    <int name="qstext" value="-15895057" />
    <int name="ModFabNormalColor" value="-1" />
    <boolean name="AramaArkaPlani_Gactive" value="false" />
    <boolean name="hide_action_l" value="false" />
    <boolean name="hide_action_m" value="false" />
    <int name="AeroCevrimiciNoktaAsagidanKaydir" value="65" />
    <boolean name="BkItem_Gactive" value="false" />
    <int name="UnSeenColor" value="-15895057" />
    <string name="hazar_bozkurt_sesler_seskayitbasla">0</string>
    <boolean name="NonAktifTab_Gactive" value="false" />
    <int name="rcname_color" value="-16579837" />
    <int name="ModConDarkColor" value="-394759" />
    <boolean name="emojipopup_body_Gactive" value="false" />
    <boolean name="NameProf" value="false" />
    <string name="aero_material_profil_dizayn">0</string>
    <int name="AeroCevrimiciNoktaBoyut" value="18" />
    <int name="AeroIGFragmentBoyutGenislik" value="450" />
    <boolean name="HizliIletisimMetin_Gactive" value="false" />
    <int name="AramaStiliKapatButonu" value="-9079435" />
    <boolean name="ModChaSendBKColor_Gactive" value="false" />
    <boolean name="pagetitle_sel_picker_Gactive" value="false" />
    <int name="rc_emox" value="-6184543" />
    <int name="chats_date_color_picker" value="-9537922" />
    <int name="ModDarkConPickColor" value="-1" />
    <boolean name="chat_mypicV2" value="false" />
    <int name="ModConTextColor" value="-6974059" />
    <int name="HizliIletisimArkaplan" value="-1" />
    <boolean name="key_with_thumb" value="false" />
    <int name="AeroToastMetin" value="-8212566" />
    <boolean name="chats_date_pending_color_picker_Gactive" value="false" />
    <boolean name="ArsivMetin2_Gactive" value="false" />
    <int name="FABMetinRengi" value="-8212566" />
    <boolean name="date_divider_color_picker_Gactive" value="false" />
    <int name="rc_Bkunseen" value="-2617269" />
    <string name="hazar_bozkurt_sesler_seskayitdurdur">0</string>
    <string name="aero_tab_metinsiz_tasarim">0</string>
    <boolean name="SeenColor_Gactive" value="false" />
    <boolean name="btn_voice_color_chat_picker_Gactive" value="false" />
    <boolean name="aero_tab_metin_tasarim" value="false" />
    <boolean name="rcAttachTx_Gactive" value="false" />
    <int name="mention_color_chat_picker" value="-15895057" />
    <int name="ModChatBtnColor" value="-31488" />
    <boolean name="ModChatLeftBubble_Gactive" value="false" />
    <int name="ModChatColor_GCDir" value="4" />
    <string name="pic_startlocation">1</string>
    <boolean name="AttBt" value="false" />
    <boolean name="rcname_color_Gactive" value="false" />
    <boolean name="AeroAyarlarisim_Gactive" value="false" />
    <boolean name="AeroOzelSimgeKullan_ArsivlenmisSohbetler" value="false" />
    <boolean name="RcTextTab_Gactive" value="false" />
    <string name="aero_ikondegistir_yeniaramalar1">0</string>
    <string name="aero_ikondegistir_yeniaramalar2">0</string>
    <int name="AramaStiliAramaButonu" value="-9079435" />
    <boolean name="ModDarkConPickColor_Gactive" value="false" />
    <boolean name="ModChatBubbleText_Gactive" value="false" />
    <int name="ModFabPressedColor" value="-328966" />
    <int name="message_link_color_picker" value="-12698050" />
    <boolean name="HizliIletisimIsim_Gactive" value="false" />
    <boolean name="status_nw_Gactive" value="false" />
    <int name="statuses_bar_bg_picker" value="-262660" />
    <boolean name="emojipopup_icons_Gactive" value="false" />
    <int name="emojipopup_header" value="-1" />
    <int name="ModChatGStatusB" value="-2131232777" />
    <int name="HomeBarText" value="-31488" />
    <boolean name="imsHideRStatus" value="false" />
    <boolean name="tittle_bold" value="true" />
    <int name="ModChatGStatusT" value="-8212566" />
    <boolean name="ArsivIkon1_Gactive" value="false" />
    <boolean name="chat_mypic" value="false" />
    <int name="rcAttachBk" value="-1" />
    <boolean name="ArsivlerKartTasarim" value="false" />
    <int name="ArsivlerElevation" value="4" />
    <int name="statuses_bar_text_picker" value="-12954012" />
    <boolean name="ModHomeMentionIndBackground_Gactive" value="false" />
    <boolean name="isSwipeEnabledV2" value="false" />
    <int name="status_nw" value="-8212566" />
    <boolean name="arsiv_gizle" value="false" />
    <boolean name="seekbar_color_chat_picker_Gactive" value="false" />
    <boolean name="HikayelerKartBorderWidth" value="false" />
    <int name="emojipopup_body_GCDir" value="3" />
    <int name="HazarGorulenHikaye" value="-2141101727" />
    <boolean name="enable_old" value="false" />
    <string name="aero_ikondegistir_asagikaydir">2</string>
    <int name="BkItem" value="-1" />
    <boolean name="read_more" value="false" />
    <int name="DrawerText" value="-1" />
    <boolean name="HikayeArkaplan_Gactive" value="false" />
    <boolean name="AeroAyarlarMetinRengi_Gactive" value="false" />
    <boolean name="border_poto_Gactive" value="false" />
    <boolean name="yo_want_nightmode" value="true" />
    <string name="aero_ikondegistir_yenisohbet3">0</string>
    <boolean name="ModChatBubbleTextLeft_Gactive" value="false" />
    <string name="aero_ikondegistir_yenisohbet1">0</string>
    <boolean name="ModChatEntry_Gactive" value="false" />
    <boolean name="rcChatsColor_Gactive" value="false" />
    <string name="aero_ikondegistir_yenisohbet2">0</string>
    <int name="attachChat" value="-16777216" />
    <int name="rc_Txunseen" value="-1" />
    <int name="AeroIGFragmentBoyutYukseklik" value="110" />
    <boolean name="ModFabNormalColor_Gactive" value="false" />
    <int name="participant_name_color_picker" value="-9079435" />
    <boolean name="disable_newUI" value="true" />
    <int name="ModChatEntry" value="-328966" />
    <boolean name="Audio_ears" value="false" />
    <int name="AeroCevrimiciNoktaRenk" value="-1" />
    <string name="hazar_aero_giris_stilleri">2</string>
    <boolean name="UstMetinleriGizle" value="false" />
    <int name="square_photo_ratio_picker" value="100" />
    <boolean name="statuses_bar_bg_picker_Gactive" value="false" />
    <boolean name="group_participants_picV2" value="true" />
    <string name="hazar_bozkurt_sesler_gidenmesaj">0</string>
    <boolean name="ModChatBubbleHyperlinks_Gactive" value="false" />
    <int name="BadgePozisyonu" value="73" />
    <int name="ConvoBack_GC" value="-16445936" />
    <boolean name="ig_story_Gactive" value="false" />
    <int name="ModConColor_GC" value="-2845953" />
    <int name="SeenColor" value="-7039852" />
    <string name="aero_ikondegistir_yeniaramalar3">0</string>
    <int name="ModOnlineColor" value="-12954012" />
    <string name="conversation_style_attach">0</string>
    <boolean name="h_vs_s" value="false" />
    <int name="ModChaSendBKColor" value="-3743266" />
    <int name="aeroprimekartRadius" value="23" />
    <boolean name="aero_arsiv_sayacgizle" value="false" />
    <boolean name="RcBkTabs_Gactive" value="false" />
    <boolean name="AramaStiliKapatButonu_Gactive" value="false" />
    <boolean name="ModContactNameColor_Gactive" value="false" />
    <string name="aero_toast_pozisyon">0</string>
    <boolean name="ItemText_Gactive" value="false" />
    <boolean name="newAttach_BottomDesign" value="true" />
    <int name="chat_icon_bg_forward_picker" value="-987147" />
    <boolean name="Hide_div" value="false" />
    <boolean name="AeroOzelSimgeKullan_Kamera" value="false" />
    <string name="hazar_bozkurt_hikaye_fix">3</string>
    <string name="AeroAyricaliklariTasarim">4</string>
    <int name="rcAttachIcon" value="-15895057" />
    <int name="ModFabText" value="-526345" />
    <boolean name="AeroOzelSimgeKullan_AsagiKaydirEtiket" value="true" />
    <int name="ig_story" value="-1" />
    <boolean name="BkHeader_Gactive" value="false" />
    <int name="emojipopup_body_GC" value="-11718304" />
    <string name="ui_home_styleV2">0</string>
    <string name="ui_home_styleV3">ios</string>
    <int name="quoted_bg_picker_GCDir" value="2" />
    <int name="AeroCevrimiciNoktaYukardanKaydir" value="42" />
    <int name="ModHomeMentionIconColor" value="-31488" />
    <boolean name="chat_contactpicV2" value="false" />
    <boolean name="AeroToastArka_Gactive" value="false" />
    <boolean name="chats_row_divider_picker_Gactive" value="false" />
    <boolean name="anahtar_AeroBoslukDegeri" value="true" />
    <int name="ModConBackColor" value="-1" />
    <boolean name="chats_date_color_picker_Gactive" value="false" />
    <int name="iOSSohbetlerRengi" value="-16185079" />
    <boolean name="Hide_contact_picker_section_recent_chats" value="false" />
    <int name="chats_date_pending_color_picker" value="-15895057" />
    <int name="AktifTab" value="-6974059" />
    <boolean name="hide_acv" value="false" />
    <int name="HomeCounterText" value="-1" />
    <boolean name="aero_son_rengi_Gactive" value="false" />
    <boolean name="ArsivKartCizgiGizle2" value="true" />
    <string name="ModFabBgPosX">1078</string>
    <string name="ModFabBgPosY">1917</string>
    <int name="HikayelerKartElevation" value="2" />
    <boolean name="AerosayiRenk_Gactive" value="false" />
    <boolean name="AeroIGFragmentKaydirmaAnahtar" value="true" />
    <boolean name="ArsivKartCizgiGizle1" value="true" />
    <int name="BGColor" value="-1" />
    <boolean name="rcMicColor_Gactive" value="false" />
    <boolean name="yo_hide_msg_translator" value="false" />
    <boolean name="hiden_nav" value="false" />
    <int name="ProfilKartArkaPlanRengi_GC" value="-657931" />
    <boolean name="TabIcon_Gactive" value="false" />
    <boolean name="pagetitle_picker_Gactive" value="false" />
    <int name="ArsivArkaPlan_GC" value="-1250068" />
    <boolean name="want_status_toast" value="true" />
    <boolean name="quoted_divider_picker_Gactive" value="false" />
    <string name="aero_ikondegistir_yenisohbet">23</string>
    <string name="aero_ikondegistir_tabkamera">0</string>
    <boolean name="ModChaSendColor_Gactive" value="false" />
    <int name="ModChatEmojiColor" value="-31488" />
    <boolean name="rcAttachBk_Gactive" value="false" />
    <int name="ModChaSendColor" value="-31488" />
    <int name="pagetitle_sel_picker" value="-31488" />
    <int name="AeroToastArka" value="-1" />
    <boolean name="ArsivlerKartBorderWidth" value="false" />
    <boolean name="ArsivArkaPlan_Gactive" value="false" />
    <int name="RcTargetColor_GCDir" value="0" />
    <boolean name="enable_o1d" value="true" />
    <int name="tabadgeBKColor" value="-1" />
    <boolean name="emojipopup_header_Gactive" value="false" />
    <boolean name="home_imgBK" value="false" />
    <string name="yo_nicons">4</string>
    <boolean name="quoted_name_picker_Gactive" value="false" />
    <boolean name="custom_wall_profilepic" value="false" />
    <string name="hazar_bozkurt_aero_hizlikisiler">2</string>
    <boolean name="mention_color_chat_picker_Gactive" value="false" />
    <int name="iOSGrupYayinRenk" value="-8212566" />
    <boolean name="stkr_wantsendconfirmation" value="true" />
    <boolean name="AktifTab_Gactive" value="false" />
    <int name="tabadgeTextColor" value="-31488" />
    <int name="aeroprimekartElevation" value="1" />
    <int name="ArsivArkaPlan_GCDir" value="2" />
    <string name="ConvoEntry">7</string>
    <boolean name="rc_emox_Gactive" value="false" />
    <int name="HizliIletisimCizgi" value="-8212566" />
    <int name="cevronChat" value="-7039852" />
    <int name="AeroCevrimiciNoktaSagdanKaydir" value="0" />
    <int name="ModConColor" value="-1" />
    <boolean name="chats_show_contact_online_toast_check" value="false" />
    <string name="tick_style">stockorg</string>
    <boolean name="aero_hazar_anaekran_duzelt" value="false" />
    <int name="ModConPickColor_GC" value="-2845953" />
    <boolean name="RcUnSeenColor_Gactive" value="false" />
    <boolean name="HikayeKartCizgiGizle" value="true" />
    <int name="tabindicator" value="-1" />
    <boolean name="HizliIletisimCizgi_Gactive" value="false" />
    <boolean name="imsHideMStatus" value="false" />
    <boolean name="ModChatTextColor_Gactive" value="false" />
    <boolean name="key_quick_view" value="true" />
    <boolean name="group_participants_pic" value="false" />
    <string name="AeroHikayeDuzenTasarim">0</string>
    <int name="BGColor_GC" value="-16777216" />
    <int name="AramaStiliAraMetinRengi" value="-9079435" />
    <int name="CizgiRengi" value="-8212566" />
    <int name="rcText" value="-16777216" />
    <boolean name="AerosohbetlerRenk_Gactive" value="false" />
    <int name="pic_chat_size_picker" value="64" />
    <boolean name="rc_Txunseen_Gactive" value="false" />
    <boolean name="ModFabPressedColor_Gactive" value="false" />
    <string name="inconvo_trans_option">in-y</string>
    <int name="HizliIletisimIkon" value="-8212566" />
    <int name="mention_color_chats_picker" value="-15895057" />
    <int name="HomeBarBar" value="-16777216" />
    <boolean name="ProfilResmiCerceve_Gactive" value="false" />
    <boolean name="ModConPickColor_Gactive" value="false" />
    <string name="HomeEntry">yousef</string>
    <boolean name="ArsivIkon3_Gactive" value="false" />
    <string name="hazar_bozkurt_sesler_gelenmesaj">0</string>
    <int name="main_text" value="15" />
    <boolean name="ModChatRightBubble_Gactive" value="false" />
    <boolean name="hiden_sech" value="false" />
    <boolean name="ModConColor_Gactive" value="false" />
    <boolean name="iOS_SatirRengi_Gactive" value="false" />
    <int name="rvkdmsg_icon_color" value="-3404274" />
    <string name="aero_hazar_hikaye_ekrani">0</string>
    <string name="hazar_bozkurt_sesler_gecis2">0</string>
    <boolean name="ModChatGStatusB_Gactive" value="false" />
    <string name="hazar_bozkurt_sesler_gecis1">0</string>
    <boolean name="aeroHazarBarRenk_Gactive" value="false" />
    <int name="emojipopup_icons" value="-8212566" />
    <int name="ProfilKartArkaPlanRengi" value="-1" />
    <boolean name="iOSSohbetlerRengi_Gactive" value="false" />
    <int name="ModContactNameColor" value="-16185079" />
    <boolean name="ProfilKartBorderWidth" value="false" />
    <int name="HizliIletisimIsim" value="-8212566" />
    <boolean name="Audio_sensor" value="true" />
    <int name="ArsivlerKartRadius" value="12" />
    <int name="TabIcon" value="-9079435" />
    <boolean name="mention_color_chats_picker_Gactive" value="false" />
    <boolean name="rcAttachIcon_Gactive" value="false" />
    <boolean name="h_mvs_s" value="false" />
    <boolean name="tabadgeTextColor_Gactive" value="false" />
    <boolean name="BGColor_Gactive" value="false" />
    <boolean name="ModFabText_Gactive" value="false" />
    <int name="RcTextTab" value="-16777216" />
    <int name="emojipopup_body" value="-1" />
    <boolean name="ModChatEmojiColor_Gactive" value="false" />
    <boolean name="ModChatBtnColor_Gactive" value="false" />
    <int name="ModChatRightBubble" value="-3743266" />
    <boolean name="rcText_Gactive" value="false" />
    <boolean name="ModHomeMentionIconColor_Gactive" value="false" />
    <int name="ModChatLeftBubble" value="-328966" />
    <boolean name="start_bl" value="false" />
    <string name="aero_toast_sure">0</string>
    <boolean name="chat_icon_forward_picker_Gactive" value="false" />
    <int name="quoted_bg_picker_GC" value="-14997450" />
    <int name="AeroAyarlarMetinRengi" value="-9079435" />
    <boolean name="yo_want_airplanemode" value="true" />
    <boolean name="rc_home_profile" value="true" />
    <int name="status_ch" value="-8212566" />
    <boolean name="yo_multi_account_menu" value="true" />
    <boolean name="Archv_chats" value="false" />
    <int name="iOS_SatirRengi" value="-3421237" />
    <int name="HizliIletisimMetin" value="-8212566" />
    <int name="aero_son_rengi" value="-6974059" />
    <boolean name="ModOnlineColor_Gactive" value="false" />
    <boolean name="PicProf" value="false" />
    <int name="BGColor_GCDir" value="4" />
    <int name="rcAddColor" value="-14588427" />
    <boolean name="AeroCevrimiciNoktaRenk2_Gactive" value="false" />
    <int name="chat_icon_forward_picker" value="-15895057" />
    <int name="ArsivIkon3" value="-8212566" />
    <int name="ArsivIkon2" value="-8212566" />
    <int name="ModConPickColor_GCDir" value="4" />
    <int name="ArsivIkon1" value="-8212566" />
    <boolean name="hiden_group" value="false" />
    <string name="bubble_style">cvios</string>
    <boolean name="ModChatColor_Gactive" value="false" />
    <boolean name="cevronChat_Gactive" value="false" />
    <int name="HazarGorulmeyenHikaye" value="-8212566" />
    <boolean name="h_ms_s" value="false" />
    <boolean name="pic_inside" value="false" />
    <boolean name="HomeCounterText_Gactive" value="false" />
    <int name="AeroAyarlarArkaplan" value="-1" />
    <int name="rcMicColor" value="-14588427" />
    <int name="ItemSearch" value="-1776153" />
    <int name="quoted_name_picker" value="-9396583" />
    <boolean name="message_link_color_picker_Gactive" value="false" />
    <string name="aero_ikondegistir_aramaikonu">19</string>
    <int name="AeroAyarlarisim" value="-8212566" />
    <boolean name="qstext_Gactive" value="false" />
    <boolean name="hide_message_bomber" value="false" />
    <boolean name="rcAddColor_Gactive" value="false" />
    <boolean name="tabindicator_Gactive" value="false" />
    <int name="ProfilKartElevation" value="7" />
    <boolean name="Hide_contact_picker_section_other_contacts" value="false" />
    <boolean name="aero_yaziyor_rengi_Gactive" value="false" />
    <int name="row_resizer" value="152" />
    <boolean name="enable_ig_stories" value="false" />
    <int name="ModConPickColor" value="-1" />
    <boolean name="SearchViw_Gactive" value="false" />
    <string name="aero_gecis_efekti">0</string>
    <string name="key_story_view">0</string>
    <boolean name="Aero_AramaSimgesiGizle" value="false" />
    <boolean name="rcText2_Gactive" value="false" />
    <boolean name="group_mypic" value="false" />
    <int name="AeroIGFragmentSoldanKaydir" value="2" />
    <boolean name="date_left_color_Gactive" value="false" />
    <boolean name="rvkdmsg_icon_color_Gactive" value="false" />
    <int name="ModConColor_GCDir" value="4" />
    <boolean name="UnSeenColor_Gactive" value="false" />
    <boolean name="ModConBackColor_Gactive" value="false" />
    <boolean name="ProfilKartArkaPlanRengi_Gactive" value="false" />
    <int name="pic_chat_size_pickerV2" value="10" />
    <boolean name="custom_wall" value="false" />
    <boolean name="aero_isim_rengi_Gactive" value="false" />
    <boolean name="elapsed_time" value="false" />
    <int name="rcAttachTx" value="-16777216" />
    <boolean name="ModlastseenColor_Gactive" value="false" />
    <boolean name="aeroprimekartBorderWidth" value="false" />
    <int name="ModHomeMentionIndBackground" value="-918791" />
    <int name="ModConPickBackColor" value="-772546634" />
    <boolean name="FABIkonRengi_Gactive" value="false" />
    <int name="FABIkonRengi" value="-8212566" />
    <boolean name="ModFabColor_Gactive" value="false" />
    <boolean name="iOSGrupYayinRenk_Gactive" value="false" />
    <boolean name="participant_name_color_picker_Gactive" value="false" />
    <boolean name="enable_grp_separation" value="false" />
    <boolean name="HazarGorulenHikaye_Gactive" value="false" />
    <int name="ProfilKartArkaPlanRengi_GCDir" value="1" />
    <boolean name="chat_contactpic" value="false" />
</map>
